{"playlist":
    [
	{
	    "0": {"src":"junk/paniq.mp3", "type":"audio/mp3"},
	    "1": {"src":"junk/paniq.ogg", "type":"audio/ogg"},
	    "config": {
		"title": "An Educated Simpleton - Copy One",
		"poster": "junk/cover.jpg"
	    }
	},
	{
	    "0": {"src":"junk/paniq.mp3", "type":"audio/mp3"},
	    "1": {"src":"junk/paniq.ogg", "type":"audio/ogg"},
	    "config": {
		"title": "An Educated Simpleton - Copy Two",
		"poster": "junk/cover.jpg"
	    }
	},
	{
	    "0": {"src":"junk/paniq.mp3", "type":"audio/mp3"},
	    "1": {"src":"junk/paniq.ogg", "type":"audio/ogg"},
	    "config": {
		"title": "An Educated Simpleton - Copy Three",
		"poster": "junk/cover.jpg"
	    }
	},
	{
	    "0": {"src":"junk/paniq.mp3", "type":"audio/mp3"},
	    "1": {"src":"junk/paniq.ogg", "type":"audio/ogg"},
	    "config": {
		"title": "An Educated Simpleton - Copy Four",
		"poster": "junk/cover.jpg"
	    }
	}

    ]
}